Data,Hora,Temperatura (°C),Umidade (%)
2025-05-27,20:06:47,24.10,89.40
2025-05-27,20:06:47,24.10,89.50
2025-05-27,20:06:47,24.10,89.40
2025-05-27,20:06:47,24.10,89.40
2025-05-27,20:06:47,24.10,89.50
2025-05-27,20:06:47,24.10,89.40
2025-05-27,20:06:47,24.10,89.40
2025-05-27,20:06:48,24.10,89.40
2025-05-27,20:06:50,24.10,89.30
2025-05-27,20:06:52,24.10,89.40
2025-05-27,20:06:54,24.10,89.30
2025-05-27,20:06:56,24.10,89.30
2025-05-27,20:06:58,24.10,89.30
2025-05-27,20:07:00,24.10,89.30
2025-05-27,20:07:02,24.10,89.30
2025-05-27,20:07:04,24.10,89.20
2025-05-27,20:07:06,24.10,89.30
2025-05-27,20:07:08,24.10,89.30
2025-05-27,20:07:10,24.10,89.20
2025-05-27,20:07:12,24.10,89.30
2025-05-27,20:07:14,24.10,89.30
2025-05-27,20:07:16,24.10,89.30
2025-05-27,20:07:18,24.10,89.30
2025-05-27,20:07:20,24.10,89.30
2025-05-27,20:07:22,24.10,89.30
2025-05-27,20:07:24,24.10,89.30
2025-05-27,20:07:26,24.10,89.30
2025-05-30,19:57:08,22.3,58.9
2025-05-30,19:57:09,22.3,58.9
2025-05-30,19:57:11,22.3,58.9
2025-05-30,19:57:13,22.3,58.9
2025-05-30,19:57:15,22.3,58.9
2025-05-30,19:57:17,22.3,58.9
2025-05-30,19:57:19,22.3,58.8
2025-05-30,19:57:21,22.3,58.8
2025-05-30,19:57:23,22.3,58.8
2025-05-30,19:57:25,22.3,58.8
2025-05-30,19:57:27,22.3,58.8
2025-05-30,19:57:29,22.3,58.9
2025-05-30,19:57:31,22.3,58.8
2025-05-30,19:57:33,22.3,58.8
2025-05-30,19:57:35,22.3,58.9
2025-05-30,19:57:37,22.3,58.9
2025-05-30,19:57:39,22.3,58.8
2025-05-30,19:57:41,22.2,58.8
2025-05-30,19:57:43,22.3,58.9
2025-05-30,19:57:45,22.3,58.8
2025-05-30,19:57:47,22.3,58.8
2025-05-30,19:57:49,22.3,58.9
2025-05-30,19:57:51,22.3,58.8
2025-05-30,19:57:53,22.3,58.8
2025-05-30,19:57:55,22.3,58.8
2025-05-30,19:57:57,22.3,58.8
2025-05-30,19:57:59,22.3,58.8
2025-05-30,19:58:01,22.3,58.8
2025-05-30,19:58:03,22.3,58.9
2025-05-30,19:58:06,22.3,58.9
2025-05-30,19:58:08,22.3,58.8
2025-05-30,19:58:10,22.3,58.8
2025-05-30,19:58:12,22.3,58.8
2025-05-30,19:58:14,22.3,58.9
2025-05-30,19:58:16,22.3,58.9
2025-05-30,19:58:18,22.3,58.9
2025-05-30,19:58:20,22.3,58.8
2025-05-30,19:58:22,22.3,58.9
2025-05-30,19:58:24,22.3,58.9
2025-05-30,19:58:26,22.3,58.8
2025-05-30,19:58:28,22.3,58.9
2025-05-30,19:58:30,22.3,58.8
2025-05-30,19:58:32,22.3,58.8
2025-05-30,19:58:34,22.3,58.9
2025-05-30,19:58:36,22.3,58.8
2025-05-30,19:58:38,22.3,58.8
2025-05-30,19:58:40,22.3,58.8
2025-05-30,19:58:42,22.3,58.8
2025-05-30,19:58:44,22.3,58.8
2025-05-30,21:34:45,21.5,61.5
2025-05-30,21:34:45,21.6,61.6
2025-05-30,21:34:45,21.6,61.5
2025-05-30,21:34:45,21.5,61.5
2025-05-30,21:34:46,21.6,61.5
2025-05-30,21:34:48,21.6,61.5
2025-05-30,21:34:50,21.5,61.4
2025-05-30,21:34:52,21.6,61.4
2025-05-30,21:34:54,21.6,61.4
2025-05-30,21:34:56,21.5,61.4
2025-05-30,21:34:58,21.6,61.4
2025-05-30,21:35:00,21.6,61.4
2025-05-30,21:35:02,21.6,61.4
2025-05-30,21:35:04,21.6,61.4
2025-05-30,21:35:06,21.6,61.3
2025-05-30,21:35:08,21.6,61.4
2025-05-30,21:35:10,21.6,61.4
2025-05-30,21:35:12,21.6,61.4
2025-05-30,21:35:14,21.6,61.3
2025-05-30,21:35:16,21.6,61.4
2025-05-30,21:35:18,21.6,61.3
2025-05-30,21:35:20,21.6,61.3
2025-05-30,21:35:22,21.6,61.3
2025-05-30,21:35:24,21.6,61.3
2025-05-30,21:35:27,21.6,61.3
2025-05-30,21:35:29,21.6,61.3
2025-05-30,21:35:31,21.6,61.3
2025-05-30,21:35:33,21.6,61.3
2025-05-30,21:35:35,21.6,61.3
2025-05-30,21:35:37,21.6,61.3
2025-05-30,21:35:39,21.6,61.2
2025-05-30,21:35:41,21.6,61.2
2025-05-30,21:35:43,21.6,61.3
2025-05-30,21:35:45,21.6,61.2
2025-05-30,21:35:47,21.6,61.3
2025-05-30,21:35:49,21.6,61.2
2025-05-30,21:35:51,21.6,61.2
2025-05-30,21:35:53,21.6,61.2
2025-05-30,21:35:55,21.6,61.2
2025-05-30,21:35:57,21.6,61.2
2025-05-30,21:35:59,21.6,61.2
2025-05-30,21:36:01,21.6,61.2
2025-05-30,21:36:03,21.6,61.2
2025-05-30,21:36:05,21.6,61.2
2025-05-30,21:36:07,21.6,61.2
2025-05-30,21:38:58,21.7,61.1
2025-05-30,21:38:58,21.7,61.0
2025-05-30,21:38:58,21.7,61.1
2025-05-30,21:38:58,21.7,61.1
2025-05-30,21:38:58,21.7,61.0
2025-05-30,21:38:58,21.7,61.0
2025-05-30,21:39:00,21.7,61.1
2025-05-30,21:39:02,21.7,61.1
2025-05-30,21:39:04,21.7,61.1
2025-05-30,21:39:06,21.7,61.1
2025-05-30,21:39:08,21.7,61.2
2025-05-30,21:39:10,21.7,61.0
2025-05-30,21:39:12,21.7,61.0
2025-05-30,21:39:14,21.7,61.0
2025-05-30,21:39:16,21.7,61.0
2025-05-30,21:39:18,21.7,61.0
2025-05-30,21:39:20,21.7,61.0
2025-05-30,21:41:37,21.7,60.8
2025-05-30,21:41:38,21.7,60.8
2025-05-30,21:41:40,21.7,60.8
2025-05-30,21:41:42,21.7,60.8
2025-05-30,21:41:44,21.7,60.8
2025-05-30,21:41:46,21.7,60.7
2025-05-30,21:41:48,21.7,60.8
2025-05-30,21:41:50,21.7,60.9
2025-05-30,21:41:52,21.8,60.8
2025-05-30,21:41:54,21.7,60.9
2025-05-30,21:41:56,21.7,60.8
2025-05-30,21:41:58,21.7,60.8
2025-05-30,21:42:00,21.7,60.8
2025-05-30,21:42:02,21.7,60.8
2025-05-30,21:42:04,21.7,60.8
2025-05-30,21:42:06,21.7,60.8
2025-05-30,21:42:08,21.7,60.8
2025-05-30,21:42:10,21.7,60.8
2025-05-30,21:42:12,21.7,60.9
2025-05-30,21:42:14,21.8,60.8
2025-05-30,21:42:16,21.7,60.8
2025-05-30,21:42:18,21.8,60.8
2025-05-30,21:42:20,21.8,60.8
2025-05-30,21:42:22,21.8,60.8
2025-05-30,21:42:24,21.7,60.9
2025-05-30,21:42:26,21.8,60.8
2025-05-30,21:42:28,21.8,60.8
2025-05-30,21:42:30,21.7,60.8
2025-05-30,21:42:32,21.8,60.8
2025-05-30,21:42:34,21.8,60.8
2025-05-30,21:42:36,21.8,60.8
2025-05-30,21:42:38,21.8,60.8
2025-05-30,21:42:40,21.8,60.8
2025-05-30,21:42:42,21.8,60.9
2025-05-30,21:42:44,21.8,60.9
2025-05-30,21:42:46,21.8,60.8
2025-05-30,21:42:48,21.8,60.9
2025-05-30,21:42:50,21.8,60.8
2025-05-30,21:42:53,21.8,60.8
2025-05-30,21:42:55,21.8,60.8
2025-05-30,21:42:57,21.8,60.8
2025-05-30,21:42:59,21.7,60.8
2025-05-30,21:43:01,21.8,60.8
2025-05-30,21:43:03,21.8,60.7
2025-05-30,21:43:05,21.8,60.7
2025-05-30,21:43:07,21.8,60.7
2025-05-30,21:43:09,21.8,60.8
2025-05-30,21:43:11,21.8,60.7
2025-05-30,21:43:13,21.7,60.7
2025-05-30,21:43:15,21.8,60.7
2025-05-30,21:43:17,21.7,60.7
2025-05-30,21:43:19,21.8,60.7
2025-05-30,21:43:21,21.7,60.7
2025-05-30,21:43:23,21.7,60.7
2025-05-30,21:43:25,21.8,60.7
2025-05-30,21:43:27,21.8,60.7
2025-05-30,21:43:29,21.8,60.8
2025-05-30,21:43:31,21.8,60.8
2025-05-30,21:43:33,21.8,60.7
2025-05-30,21:43:35,21.8,60.7
2025-05-30,21:43:37,21.8,60.7
2025-05-30,21:43:39,21.8,60.8
2025-05-30,21:43:41,21.8,60.8
2025-05-30,21:43:43,21.8,60.7
2025-05-30,21:43:45,21.8,60.8
2025-05-30,21:43:47,21.8,60.7
2025-05-30,21:43:49,21.8,60.7
2025-05-30,21:43:51,21.8,60.7
2025-05-30,21:43:53,21.8,60.7
2025-05-30,21:43:55,21.8,60.7
2025-05-30,21:43:57,21.8,60.7
2025-05-30,21:43:59,21.8,60.7
2025-05-30,21:44:01,21.8,60.7
2025-05-30,21:44:03,21.8,60.7
2025-05-30,21:44:05,21.8,60.7
2025-05-30,21:44:07,21.8,60.8
2025-05-30,21:44:09,21.8,60.8
2025-05-30,21:44:11,21.8,60.8
2025-05-30,21:44:13,21.8,60.8
2025-05-30,21:44:15,21.8,60.7
2025-05-30,21:44:17,21.8,60.8
2025-05-30,21:44:19,21.8,60.8
2025-05-30,21:44:21,21.8,60.8
2025-05-30,21:44:23,21.8,60.8
2025-05-30,21:44:25,21.8,60.8
2025-05-30,21:44:27,21.8,60.8
2025-05-30,21:44:29,21.8,60.8
2025-05-30,21:44:31,21.8,60.8
2025-05-30,21:44:33,21.8,60.8
2025-05-30,21:44:35,21.8,60.8
2025-05-30,21:44:37,21.8,60.8
2025-05-30,21:44:39,21.8,60.8
2025-05-30,21:44:41,21.8,60.8
2025-05-30,21:44:43,21.8,60.8
2025-05-30,21:44:45,21.8,60.8
2025-05-30,21:44:47,21.8,60.8
2025-05-30,21:44:49,21.8,60.8
2025-05-30,21:44:51,21.8,60.8
2025-05-30,21:44:53,21.8,60.8
2025-05-30,21:44:55,21.8,60.8
2025-05-30,21:44:57,21.8,60.8
2025-05-30,21:44:59,21.8,60.9
2025-05-30,21:45:01,21.8,60.7
2025-05-30,21:45:03,21.8,60.8
2025-05-30,21:45:05,21.8,60.8
2025-05-30,21:45:07,21.8,60.8
2025-05-30,21:45:09,21.8,60.8
2025-05-30,21:45:11,21.8,60.8
2025-05-30,21:45:13,21.8,60.8
2025-05-30,21:45:15,21.8,60.8
2025-05-30,21:45:17,21.8,60.8
2025-05-30,21:45:19,21.8,60.8
2025-05-30,21:45:21,21.8,60.8
2025-05-30,21:45:23,21.8,60.8
2025-05-30,21:45:25,21.8,60.8
2025-05-30,21:45:27,21.8,60.8
2025-05-30,21:45:29,21.8,60.8
2025-05-30,21:45:31,21.8,60.8
2025-05-30,21:45:33,21.8,60.8
2025-05-30,21:45:35,21.8,60.8
2025-05-30,21:45:37,21.8,60.8
2025-05-30,21:45:39,21.8,60.7
2025-05-30,21:45:41,21.8,60.8
2025-05-30,21:45:43,21.8,60.7
2025-05-30,21:45:45,21.8,60.7
2025-05-30,21:45:47,21.8,60.7
2025-05-30,21:45:49,21.8,60.7
2025-05-30,21:45:51,21.8,60.7
2025-05-30,21:45:53,21.8,60.7
2025-05-30,21:45:55,21.8,60.7
2025-05-30,21:45:57,21.8,60.7
2025-05-30,21:45:59,21.8,60.7
2025-05-30,21:46:01,21.8,60.7
2025-05-30,21:46:03,21.8,60.6
2025-05-30,21:46:05,21.8,60.7
2025-05-30,21:46:07,21.8,60.6
2025-05-30,21:46:09,21.8,60.7
2025-05-30,21:46:12,21.8,60.6
2025-05-30,21:46:14,21.8,60.6
2025-05-30,21:46:16,21.8,60.5
2025-05-30,21:46:18,21.8,60.5
2025-05-30,21:46:20,21.8,60.6
2025-05-30,21:46:22,21.8,60.6
2025-05-30,21:46:24,21.8,60.6
2025-05-30,21:46:26,21.8,60.6
2025-05-30,21:46:28,21.8,60.6
2025-05-30,21:46:30,21.8,60.6
2025-05-30,21:46:32,21.8,60.5
2025-05-30,21:46:34,21.8,60.6
2025-05-30,21:46:36,21.8,60.5
2025-05-30,21:46:38,21.8,60.5
2025-05-30,21:46:40,21.8,60.6
2025-05-30,21:46:42,21.8,60.6
2025-05-30,21:46:44,21.8,60.6
2025-05-30,21:46:46,21.8,60.6
2025-05-30,21:46:48,21.8,60.6
2025-05-30,21:46:50,21.8,60.6
2025-05-30,21:46:52,21.8,60.7
2025-05-30,21:46:54,21.8,60.6
2025-05-30,21:46:56,21.8,60.6
2025-05-30,21:46:58,21.8,60.6
2025-05-30,21:47:00,21.8,60.6
2025-05-30,21:47:02,21.8,60.7
2025-05-30,21:47:04,21.8,60.6
2025-05-30,21:49:01,21.9,60.5
2025-05-30,21:49:03,21.8,60.6
2025-05-30,21:49:05,21.8,60.6
2025-05-30,21:49:07,21.8,60.5
2025-05-30,21:49:09,21.8,60.6
2025-05-30,21:49:11,21.8,60.5
2025-05-30,21:49:13,21.8,60.5
2025-05-30,21:49:15,21.8,60.5
2025-05-30,21:49:17,21.8,60.5
2025-05-30,21:49:19,21.9,60.5
2025-05-30,21:49:21,21.8,60.5
2025-05-30,21:49:23,21.8,60.5
2025-05-30,21:49:25,21.8,60.5
2025-05-30,21:49:27,21.8,60.5
2025-05-30,21:49:29,21.8,60.5
2025-05-30,21:49:31,21.8,60.5
2025-05-30,21:49:33,21.8,60.5
2025-05-30,21:49:35,21.8,60.5
2025-05-30,21:49:37,21.8,60.5
2025-05-30,21:49:39,21.8,60.5
2025-05-30,21:49:41,21.8,60.5
2025-05-30,21:49:43,21.8,60.5
2025-05-30,21:49:45,21.8,60.5
2025-05-30,21:49:47,21.8,60.5
2025-05-30,21:49:49,21.9,60.5
2025-05-30,21:49:51,21.8,60.5
2025-05-30,21:49:53,21.8,60.5
2025-05-30,21:49:55,21.8,60.5
2025-05-30,21:49:57,21.8,60.5
2025-05-30,21:49:59,21.9,60.6
2025-05-30,21:50:01,21.8,60.5
2025-05-30,21:50:03,21.8,60.5
2025-05-30,21:50:05,21.8,60.5
2025-05-30,21:50:07,21.8,60.6
2025-05-30,21:50:09,21.8,60.6
2025-05-30,21:50:11,21.8,60.6
2025-05-30,21:50:13,21.8,60.6
2025-05-30,21:50:15,21.8,60.6
2025-05-30,21:50:17,21.8,60.6
2025-05-30,21:50:19,21.8,60.6
2025-05-30,21:50:21,21.9,60.6
2025-05-30,21:50:23,21.8,60.6
2025-05-30,21:50:25,21.9,60.6
2025-05-30,21:50:27,21.9,60.7
2025-05-30,21:50:29,21.8,60.6
2025-05-30,21:50:31,21.8,60.6
2025-05-30,21:50:33,21.8,60.7
2025-05-30,21:50:35,21.8,60.7
2025-05-30,21:50:37,21.9,60.6
2025-05-30,21:50:39,21.8,60.6
2025-05-30,21:50:41,21.9,60.6
2025-05-30,21:50:43,21.9,60.6
2025-05-30,21:50:45,21.8,60.6
2025-05-30,21:50:47,21.8,60.6
2025-05-30,21:50:49,21.8,60.6
2025-05-30,21:50:51,21.9,60.6
2025-05-30,21:50:53,21.8,60.6
2025-05-30,21:50:55,21.8,60.6
2025-05-30,21:50:58,21.9,60.6
2025-05-30,21:51:00,21.9,60.6
2025-05-30,21:51:02,21.9,60.5
2025-05-30,21:51:04,21.8,60.6
2025-05-30,21:51:06,21.8,60.5
2025-05-30,21:51:08,21.8,60.6
2025-05-30,21:51:10,21.8,60.5
2025-05-30,21:51:12,21.8,60.6
2025-05-30,21:51:14,21.9,60.6
2025-05-30,21:51:16,21.9,60.5
2025-05-30,21:51:18,21.8,60.6
2025-05-30,21:51:20,21.8,60.5
2025-05-30,21:51:22,21.8,60.6
2025-05-30,21:51:24,21.8,60.6
2025-05-30,21:51:26,21.8,60.6
2025-05-30,21:51:28,21.8,60.6
2025-05-30,21:51:30,21.8,60.6
2025-05-30,21:51:32,21.9,60.6
2025-05-30,21:51:34,21.8,60.6
2025-05-30,21:51:36,21.8,60.6
2025-05-30,21:51:38,21.8,60.5
2025-05-30,21:51:40,21.8,60.5
2025-05-30,21:51:42,21.9,60.5
2025-05-30,21:51:44,21.9,60.5
2025-05-30,21:51:46,21.9,60.5
2025-05-30,21:51:48,21.8,60.5
2025-05-30,21:51:50,21.8,60.5
2025-05-30,21:51:52,21.9,60.6
2025-05-30,21:51:54,21.8,60.6
2025-05-30,21:51:56,21.8,60.6
2025-05-30,21:51:58,21.8,60.6
2025-05-30,21:52:00,21.8,60.6
2025-05-30,21:52:02,21.8,60.6
2025-05-30,21:52:04,21.8,60.6
2025-05-30,21:52:06,21.8,60.6
2025-05-30,21:52:08,21.9,60.6
2025-05-30,21:52:10,21.8,60.6
2025-05-30,21:52:12,21.8,60.5
2025-05-30,21:52:14,21.8,60.5
2025-05-30,21:52:16,21.8,60.5
2025-05-30,21:52:18,21.8,60.6
2025-05-30,21:52:20,21.9,60.5
2025-05-30,21:52:22,21.8,60.5
2025-05-30,21:52:24,21.9,60.5
2025-05-30,21:52:26,21.8,60.5
2025-05-30,21:52:28,21.8,60.5
2025-05-30,21:52:30,21.8,60.5
2025-05-30,21:52:32,21.8,60.5
2025-05-30,21:52:34,21.8,60.5
2025-05-30,21:52:36,21.9,60.5
2025-05-30,21:52:38,21.9,60.5
2025-05-30,21:52:40,21.9,60.5
2025-05-30,21:52:42,21.8,60.5
2025-05-30,21:52:44,21.8,60.5
2025-05-30,21:52:46,21.8,60.5
2025-05-30,21:52:48,21.9,60.5
2025-05-30,21:52:50,21.9,60.5
2025-05-30,21:52:52,21.9,60.5
2025-05-30,21:52:54,21.9,60.5
2025-05-30,21:52:56,21.9,60.5
2025-05-30,21:52:58,21.9,60.5
2025-05-30,21:53:00,21.8,60.5
2025-05-30,21:53:02,21.9,60.4
2025-05-30,21:53:04,21.8,60.5
2025-05-30,21:53:06,21.9,60.5
2025-05-30,21:53:08,21.8,60.5
2025-05-30,21:53:10,21.8,60.5
2025-05-30,21:53:12,21.8,60.5
2025-05-30,21:53:14,21.8,60.5
2025-05-30,21:53:16,21.9,60.6
2025-05-30,21:53:18,21.9,60.6
2025-05-30,21:53:20,21.8,60.6
2025-05-30,21:53:22,21.9,60.6
2025-05-30,21:53:24,21.9,60.6
2025-05-30,21:53:26,21.9,60.6
2025-05-30,21:53:28,21.9,60.5
2025-05-30,21:53:30,21.9,60.6
2025-05-30,21:53:32,21.9,60.6
2025-05-30,21:53:34,21.9,60.6
2025-05-30,21:53:36,21.9,60.6
2025-05-30,21:53:38,21.9,60.6
2025-05-30,21:53:40,21.9,60.6
2025-05-30,21:53:42,21.8,60.6
2025-05-30,21:53:44,21.9,60.6
2025-05-30,21:53:46,21.8,60.6
2025-05-30,21:53:48,21.9,60.6
2025-05-30,21:53:50,21.9,60.5
2025-05-30,21:53:52,21.8,60.6
2025-05-30,21:53:54,21.9,60.6
2025-05-30,21:53:56,21.9,60.6
2025-05-30,21:53:58,21.9,60.6
2025-05-30,21:54:00,21.9,60.6
2025-05-30,21:54:02,21.9,60.6
2025-05-30,21:54:04,21.8,60.6
2025-05-30,21:54:06,21.9,60.6
2025-05-30,21:54:08,21.8,60.5
2025-05-30,21:54:10,21.9,60.7
2025-05-30,21:54:12,21.9,60.8
2025-05-30,21:54:15,21.9,60.9
2025-05-30,21:54:17,21.9,61.0
2025-05-30,21:54:19,21.9,61.0
2025-05-30,21:54:21,21.9,61.0
2025-05-30,21:54:23,21.9,61.0
2025-05-30,21:54:25,21.9,61.0
2025-05-30,21:54:27,21.9,61.0
2025-05-30,21:54:29,21.9,60.9
2025-05-30,21:54:31,21.9,60.9
2025-05-30,21:54:33,21.9,60.9
2025-05-30,21:54:35,21.8,60.9
2025-05-30,21:54:37,21.9,60.9
2025-05-30,21:54:39,21.9,60.8
2025-05-30,21:54:41,21.9,60.8
2025-05-30,21:54:43,21.9,60.8
2025-05-30,21:54:45,21.9,60.7
2025-05-30,21:54:47,21.9,60.7
2025-05-30,21:54:49,21.9,60.7
2025-05-30,21:54:51,21.9,60.7
2025-05-30,21:54:53,21.9,60.6
2025-05-30,21:54:55,21.9,60.7
2025-05-30,21:54:57,21.8,60.6
2025-05-30,21:54:59,21.9,60.6
2025-05-30,21:55:01,21.9,60.6
2025-05-30,21:55:03,21.9,60.7
2025-05-30,21:55:05,21.9,60.6
2025-05-30,21:55:07,21.9,60.6
2025-05-30,21:55:09,21.9,60.5
2025-05-30,21:55:11,21.9,60.6
2025-05-30,21:55:13,21.9,60.6
2025-05-30,21:55:15,21.9,60.6
2025-05-30,21:55:17,21.9,60.5
2025-05-30,21:55:19,21.9,60.6
2025-05-30,21:55:21,21.9,60.6
2025-05-30,21:55:23,21.9,60.5
2025-05-30,21:55:25,21.9,60.6
2025-05-30,21:55:27,21.9,60.6
2025-05-30,21:55:29,21.9,60.6
2025-05-30,21:55:31,21.9,60.6
2025-05-30,21:55:33,21.9,60.6
2025-05-30,21:55:35,21.9,60.6
2025-05-30,21:55:37,21.9,60.5
2025-05-30,21:55:39,21.9,60.5
2025-05-30,21:55:41,21.9,60.6
2025-05-30,21:55:43,21.9,60.6
2025-05-30,21:55:45,21.9,60.6
2025-05-30,21:55:47,21.9,60.6
2025-05-30,21:55:49,21.9,60.5
2025-05-30,21:55:51,21.9,60.6
2025-05-30,21:55:53,21.9,60.5
2025-05-30,21:55:55,21.9,60.6
2025-05-30,21:55:57,21.9,60.5
2025-05-30,21:55:59,21.9,60.5
2025-05-30,21:56:01,21.9,60.6
2025-05-30,21:56:03,21.9,60.6
2025-05-30,21:56:05,21.9,60.6
2025-05-30,21:56:07,21.9,60.6
2025-05-30,21:56:09,21.9,60.5
2025-05-30,21:56:11,21.9,60.6
2025-05-30,21:56:13,21.9,60.5
2025-05-30,21:56:15,21.9,60.6
2025-05-30,21:56:17,21.9,60.6
2025-05-30,21:56:19,21.9,60.6
2025-05-30,21:56:21,21.9,60.6
2025-05-30,21:56:23,21.9,60.6
2025-05-30,21:56:25,21.9,60.6
2025-05-30,21:56:27,21.9,60.6
2025-05-30,21:56:29,21.9,60.6
2025-05-30,21:56:31,21.9,60.6
2025-05-30,21:56:33,21.9,60.6
2025-05-30,21:56:35,21.9,60.6
2025-05-30,21:56:37,21.9,60.6
2025-05-30,21:56:39,21.9,60.6
2025-05-30,21:56:41,21.9,60.6
2025-05-30,21:56:43,21.9,60.6
2025-05-30,21:56:45,21.9,60.6
2025-05-30,21:56:47,21.9,60.6
2025-05-30,21:56:49,21.9,60.6
2025-05-30,21:56:51,21.9,60.6
2025-05-30,21:56:53,21.9,60.6
2025-05-30,21:56:55,21.9,60.6
2025-05-30,21:56:57,21.9,60.6
2025-05-30,21:56:59,21.9,60.6
2025-05-30,21:57:01,21.9,60.5
2025-05-30,21:57:03,21.9,60.6
2025-05-30,21:57:05,21.9,60.6
2025-05-30,21:57:07,21.9,60.6
2025-05-30,21:57:09,21.9,60.5
2025-05-30,21:57:11,21.9,60.6
2025-05-30,21:57:13,21.9,60.5
2025-05-30,21:57:15,21.9,60.5
2025-05-30,21:57:17,21.9,60.6
2025-05-30,21:57:19,21.9,60.5
2025-05-30,21:57:21,21.9,60.5
2025-05-30,21:57:23,21.9,60.5
2025-05-30,21:57:25,21.9,60.5
2025-05-30,21:57:27,21.9,60.4
2025-05-30,21:57:30,21.9,60.4
2025-05-30,21:57:32,21.9,60.5
2025-05-30,21:57:34,21.9,60.5
2025-05-30,21:57:36,21.9,60.5
2025-05-30,21:57:38,21.9,60.5
2025-05-30,21:57:40,21.9,60.5
2025-05-30,21:57:42,21.9,60.5
2025-05-30,21:57:44,21.9,60.5
2025-05-30,21:57:46,21.9,60.5
2025-05-30,21:57:48,21.9,60.5
2025-05-30,21:57:50,21.9,60.5
2025-05-30,21:57:52,21.9,60.5
2025-05-30,21:57:54,21.9,60.6
2025-05-30,21:57:56,21.9,60.5
2025-05-30,21:57:58,21.9,60.5
2025-05-30,21:58:00,21.9,60.5
2025-05-30,21:58:02,21.9,60.5
2025-05-30,21:58:04,21.9,60.5
2025-05-30,21:58:06,21.9,60.5
2025-05-30,21:58:08,21.9,60.6
2025-05-30,21:58:10,21.9,60.5
2025-05-30,21:58:12,21.9,60.5
2025-05-30,21:58:14,21.9,60.5
2025-05-30,21:58:16,21.9,60.5
2025-05-30,21:58:18,21.9,60.4
2025-05-30,21:58:20,21.9,60.5
2025-05-30,21:58:22,21.9,60.4
2025-05-30,21:58:24,21.9,60.5
2025-05-30,21:58:26,21.9,60.5
2025-05-30,21:58:28,21.9,60.4
2025-05-30,21:58:30,21.9,60.4
2025-05-30,21:58:32,21.9,60.4
2025-05-30,21:58:34,21.9,60.4
2025-05-30,21:58:36,21.9,60.4
2025-05-30,21:58:38,21.9,60.4
2025-05-30,21:58:40,22.0,60.4
2025-05-30,21:58:42,22.0,60.4
2025-05-30,21:58:44,21.9,60.4
2025-05-30,21:58:46,22.0,60.4
2025-05-30,21:58:48,22.0,60.3
2025-05-30,21:58:50,21.9,60.3
2025-05-30,21:58:52,21.9,60.4
2025-05-30,21:58:54,22.0,60.3
2025-05-30,21:58:56,22.0,60.4
2025-05-30,21:58:58,21.9,60.3
2025-05-30,21:59:00,22.0,60.4
2025-05-30,21:59:02,22.0,60.4
2025-05-30,21:59:04,22.0,60.4
2025-05-30,21:59:06,22.0,60.4
2025-05-30,21:59:08,22.0,60.3
2025-05-30,21:59:10,22.0,60.3
2025-05-30,21:59:12,22.0,60.3
2025-05-30,21:59:14,22.0,60.2
2025-05-30,21:59:16,22.0,60.3
2025-05-30,21:59:18,22.0,60.3
2025-05-30,21:59:20,22.0,60.3
2025-05-30,21:59:22,22.0,60.3
2025-05-30,21:59:24,22.0,60.3
2025-05-30,21:59:26,22.0,60.3
2025-05-30,21:59:28,22.0,60.3
2025-05-30,21:59:30,22.0,60.3
2025-05-30,21:59:32,22.0,60.3
2025-05-30,21:59:34,22.0,60.3
2025-05-30,21:59:36,22.0,60.3
2025-05-30,21:59:38,22.0,60.3
2025-05-30,21:59:40,22.0,60.3
2025-05-30,21:59:42,22.0,60.2
2025-05-30,21:59:44,22.0,60.3
2025-05-30,21:59:46,22.0,60.3
2025-05-30,21:59:48,22.0,60.3
2025-05-30,21:59:50,22.0,60.3
2025-05-30,21:59:52,22.0,60.3
2025-05-30,21:59:54,22.0,60.3
2025-05-30,21:59:56,22.0,60.3
2025-05-30,21:59:58,22.0,60.4
2025-05-30,22:00:00,22.0,60.3
2025-05-30,22:00:02,22.0,60.4
2025-05-30,22:00:04,22.0,60.4
2025-05-30,22:00:06,22.0,60.4
2025-05-30,22:00:08,22.0,60.4
2025-05-30,22:00:10,22.0,60.4
2025-05-30,22:00:12,22.0,60.4
2025-05-30,22:00:14,22.0,60.3
2025-05-30,22:00:16,22.0,60.3
2025-05-30,22:00:18,22.0,60.3
2025-05-30,22:00:20,22.0,60.3
2025-05-30,22:00:22,22.0,60.3
2025-05-30,22:00:24,22.0,60.3
2025-05-30,22:00:26,22.0,60.3
2025-05-30,22:00:28,22.0,60.3
2025-05-30,22:00:30,22.0,60.3
2025-05-30,22:00:32,22.1,60.2
2025-05-30,22:00:34,22.0,60.3
2025-05-30,22:00:36,22.1,60.3
2025-05-30,22:00:38,22.0,60.4
2025-05-30,22:00:40,22.1,60.2
2025-05-30,22:00:42,22.0,60.2
2025-05-30,22:00:44,22.1,60.2
2025-05-30,22:00:46,22.1,60.3
2025-05-30,22:00:49,22.1,60.2
2025-05-30,22:00:51,22.0,60.2
2025-05-30,22:00:53,22.1,60.2
2025-05-30,22:00:55,22.1,60.2
2025-05-30,22:00:57,22.1,60.2
2025-05-30,22:00:59,22.1,60.3
2025-05-30,22:01:01,22.1,60.2
2025-05-30,22:01:03,22.1,60.2
2025-05-30,22:01:05,22.1,60.2
2025-05-30,22:01:07,22.1,60.3
2025-05-30,22:01:09,22.1,60.2
2025-05-30,22:01:11,22.1,60.2
2025-05-30,22:01:13,22.1,60.2
2025-05-30,22:01:15,22.1,60.3
2025-05-30,22:01:17,22.1,60.2
2025-05-30,22:01:19,22.1,60.3
2025-05-30,22:01:21,22.1,60.3
2025-05-30,22:01:23,22.1,60.3
2025-05-30,22:01:25,22.1,60.3
2025-05-30,22:01:27,22.1,60.3
2025-05-30,22:01:29,22.1,60.2
2025-05-30,22:01:31,22.1,60.2
2025-05-30,22:01:33,22.1,60.2
2025-05-30,22:01:35,22.1,60.2
2025-05-30,22:01:37,22.1,60.2
2025-05-30,22:01:39,22.1,60.2
2025-05-30,22:01:41,22.1,60.2
2025-05-30,22:01:43,22.1,60.2
2025-05-30,22:01:45,22.1,60.2
2025-05-30,22:01:47,22.1,60.2
2025-05-30,22:01:49,22.1,60.2
2025-05-30,22:01:51,22.1,60.2
2025-05-30,22:01:53,22.1,60.2
2025-05-30,22:01:55,22.1,60.2
2025-05-30,22:01:57,22.1,60.2
2025-05-30,22:01:59,22.1,60.2
2025-05-30,22:02:01,22.1,60.2
2025-05-30,22:02:03,22.1,60.2
2025-05-30,22:02:05,22.1,60.2
2025-05-30,22:02:07,22.1,60.2
2025-05-30,22:02:09,22.1,60.2
2025-05-30,22:02:11,22.1,60.1
2025-05-30,22:02:13,22.1,60.2
2025-05-30,22:02:15,22.1,60.2
2025-05-30,22:02:17,22.1,60.2
2025-05-30,22:02:19,22.2,60.1
2025-05-30,22:02:21,22.1,60.1
2025-05-30,22:02:23,22.1,60.2
2025-05-30,22:02:25,22.1,60.1
2025-05-30,22:02:27,22.1,60.1
2025-05-30,22:02:29,22.1,60.1
2025-05-30,22:02:31,22.1,60.1
2025-05-30,22:02:33,22.1,60.1
2025-05-30,22:02:35,22.1,60.1
2025-05-30,22:02:37,22.1,60.1
2025-05-30,22:02:39,22.1,60.1
2025-05-30,22:02:41,22.1,60.0
2025-05-30,22:02:43,22.1,60.0
2025-05-30,22:02:45,22.1,60.1
2025-05-30,22:02:47,22.2,60.1
2025-05-30,22:02:49,22.1,60.1
2025-05-30,22:02:51,22.1,60.0
2025-05-30,22:02:53,22.1,60.0
2025-05-30,22:02:55,22.1,60.0
2025-05-30,22:02:57,22.1,60.0
2025-05-30,22:02:59,22.1,60.0
2025-05-30,22:03:01,22.1,60.0
2025-05-30,22:03:03,22.1,60.0
2025-05-30,22:03:05,22.1,60.0
2025-05-30,22:03:07,22.1,60.0
2025-05-30,22:03:09,22.2,60.0
2025-05-30,22:03:11,22.1,60.0
2025-05-30,22:03:13,22.1,60.0
2025-05-30,22:03:15,22.2,60.0
2025-05-30,22:03:17,22.2,60.1
2025-05-30,22:03:19,22.1,60.1
2025-05-30,22:03:21,22.1,60.0
2025-05-30,22:03:23,22.1,60.0
2025-05-30,22:03:25,22.1,60.0
2025-05-30,22:03:27,22.2,60.0
2025-05-30,22:03:29,22.2,60.0
2025-05-30,22:03:31,22.1,60.0
2025-05-30,22:03:33,22.2,60.0
2025-05-30,22:03:35,22.2,60.0
2025-05-30,22:03:37,22.1,60.0
2025-05-30,22:03:39,22.2,60.0
2025-05-30,22:03:41,22.1,60.0
2025-05-30,22:03:43,22.1,60.0
2025-05-30,22:03:45,22.1,60.0
2025-05-30,22:03:47,22.2,60.0
2025-05-30,22:03:49,22.1,60.0
2025-05-30,22:03:51,22.2,60.0
2025-05-30,22:03:53,22.1,60.0
2025-05-30,22:03:55,22.1,59.9
2025-05-30,22:03:57,22.2,60.0
2025-05-30,22:03:59,22.1,60.0
2025-05-30,22:04:01,22.2,60.0
2025-05-30,22:04:03,22.2,60.0
2025-05-30,22:04:06,22.2,60.0
2025-05-30,22:04:08,22.2,60.0
2025-05-30,22:04:10,22.1,59.9
2025-05-30,22:04:12,22.2,59.9
2025-05-30,22:04:14,22.2,60.0
2025-05-30,22:04:16,22.2,60.0
2025-05-30,22:04:18,22.2,59.9
2025-05-30,22:04:20,22.2,59.9
2025-05-30,22:04:22,22.2,59.9
2025-05-30,22:04:24,22.2,59.8
2025-05-30,22:04:26,22.2,59.9
2025-05-30,22:04:28,22.2,59.9
2025-05-30,22:04:30,22.2,59.9
2025-05-30,22:04:32,22.2,59.8
2025-05-30,22:04:34,22.2,59.8
2025-05-30,22:04:36,22.2,59.8
2025-05-30,22:04:38,22.2,59.8
2025-05-30,22:04:40,22.2,59.8
2025-05-30,22:04:42,22.2,59.8
2025-05-30,22:04:44,22.2,59.8
2025-05-30,22:04:46,22.2,59.8
2025-05-30,22:04:48,22.2,59.8
2025-05-30,22:04:50,22.2,59.9
2025-05-30,22:04:52,22.2,59.8
2025-05-30,22:04:54,22.2,59.8
2025-05-30,22:04:56,22.2,59.8
2025-05-30,22:04:58,22.2,59.8
2025-05-30,22:05:00,22.2,59.8
2025-05-30,22:05:02,22.2,59.8
2025-05-30,22:05:04,22.2,59.8
2025-05-30,22:05:06,22.2,59.9
2025-05-30,22:05:08,22.2,59.9
2025-05-30,22:05:10,22.2,59.9
2025-05-30,22:05:12,22.2,59.9
2025-05-30,22:05:14,22.2,59.9
2025-05-30,22:05:16,22.2,59.9
2025-05-30,22:05:18,22.2,59.9
2025-05-30,22:05:20,22.2,59.9
2025-05-30,22:05:22,22.2,59.8
2025-05-30,22:05:24,22.2,59.8
2025-05-30,22:05:26,22.2,59.9
2025-05-30,22:05:28,22.2,59.9
2025-05-30,22:05:30,22.2,59.9
2025-05-30,22:05:32,22.2,59.9
2025-05-30,22:05:34,22.2,59.8
2025-05-30,22:05:36,22.2,59.9
2025-05-30,22:05:38,22.2,59.9
2025-05-30,22:05:40,22.2,59.9
2025-05-30,22:05:42,22.2,59.9
2025-05-30,22:05:44,22.2,59.9
2025-05-30,22:05:46,22.2,59.9
2025-05-30,22:05:48,22.2,59.9
2025-05-30,22:05:50,22.2,59.8
2025-05-30,22:05:52,22.2,59.8
2025-05-30,22:05:54,22.2,59.8
2025-05-30,22:05:56,22.2,59.8
2025-05-30,22:05:58,22.2,59.8
2025-05-30,22:06:00,22.2,59.8
2025-05-30,22:06:02,22.2,59.8
2025-05-30,22:06:04,22.2,59.8
2025-05-30,22:06:06,22.2,59.9
2025-05-30,22:06:08,22.2,59.9
2025-05-30,22:06:10,22.2,59.9
2025-05-30,22:06:12,22.2,59.9
2025-05-30,22:06:14,22.2,59.9
2025-05-30,22:06:16,22.2,59.9
2025-05-30,22:06:18,22.2,59.9
2025-05-30,22:06:20,22.2,59.9
2025-05-30,22:06:22,22.2,59.9
2025-05-30,22:06:24,22.2,59.9
2025-05-30,22:06:26,22.2,59.9
2025-05-30,22:06:28,22.2,59.9
2025-05-30,22:06:30,22.2,59.9
2025-05-30,22:06:32,22.2,59.9
2025-05-30,22:06:34,22.2,59.9
2025-05-30,22:06:36,22.2,59.9
2025-05-30,22:06:38,22.2,59.8
2025-05-30,22:06:40,22.2,59.9
2025-05-30,22:06:42,22.2,59.9
2025-05-30,22:06:44,22.2,59.9
2025-05-30,22:06:46,22.2,59.9
2025-05-30,22:06:48,22.2,59.9
2025-05-30,22:06:50,22.2,59.9
2025-05-30,22:06:52,22.2,59.9
2025-05-30,22:06:54,22.2,59.9
2025-05-30,22:06:56,22.2,59.9
2025-05-30,22:06:58,22.2,59.9
2025-05-30,22:07:00,22.2,59.8
2025-05-30,22:07:02,22.2,59.9
2025-05-30,22:07:04,22.2,59.8
2025-05-30,22:07:06,22.2,59.9
2025-05-30,22:07:08,22.2,59.8
2025-05-30,22:07:10,22.2,59.8
2025-05-30,22:07:12,22.2,59.8
2025-05-30,22:07:14,22.2,59.8
2025-05-30,22:07:16,22.2,59.9
2025-05-30,22:07:18,22.2,59.8
2025-05-30,22:07:20,22.2,59.8
2025-05-30,22:07:23,22.2,59.9
2025-05-30,22:07:25,22.2,59.8
2025-05-30,22:07:27,22.2,59.8
2025-05-30,22:07:29,22.2,59.8
2025-05-30,22:07:31,22.2,59.8
2025-05-30,22:07:33,22.2,59.8
2025-05-30,22:07:35,22.2,59.8
2025-05-30,22:07:37,22.2,59.8
2025-05-30,22:07:39,22.2,59.8
2025-05-30,22:07:41,22.2,59.8
2025-05-30,22:07:43,22.2,59.8
2025-05-30,22:07:45,22.2,59.8
2025-05-30,22:07:47,22.2,59.8
2025-05-30,22:07:49,22.3,59.8
2025-05-30,22:07:51,22.2,59.9
2025-05-30,22:07:53,22.2,59.9
2025-05-30,22:07:55,22.2,59.7
2025-05-30,22:07:57,22.2,59.8
2025-05-30,22:07:59,22.2,59.8
2025-05-30,22:08:01,22.2,59.8
2025-05-30,22:08:03,22.2,59.8
2025-05-30,22:08:05,22.2,59.8
2025-05-30,22:08:07,22.2,59.9
2025-05-30,22:08:09,22.2,59.8
2025-05-30,22:08:11,22.2,59.9
2025-05-30,22:08:13,22.2,59.8
2025-05-30,22:08:15,22.2,59.8
2025-05-30,22:08:17,22.3,59.8
2025-05-30,22:08:19,22.2,59.8
2025-05-30,22:08:21,22.2,59.8
2025-05-30,22:08:23,22.2,59.8
2025-05-30,22:08:25,22.2,59.8
2025-05-30,22:08:27,22.2,59.8
2025-05-30,22:08:29,22.2,59.8
2025-05-30,22:08:31,22.2,59.7
2025-05-30,22:08:33,22.3,59.8
2025-05-30,22:08:35,22.2,59.7
2025-05-30,22:08:37,22.2,59.7
2025-05-30,22:08:39,22.3,59.8
2025-05-30,22:08:41,22.2,59.8
2025-05-30,22:08:43,22.2,59.8
2025-05-30,22:08:45,22.2,59.7
2025-05-30,22:08:47,22.2,59.7
2025-05-30,22:08:49,22.2,59.8
2025-05-30,22:08:51,22.3,59.8
2025-05-30,22:08:53,22.3,59.8
2025-05-30,22:08:55,22.2,59.8
2025-05-30,22:08:57,22.2,59.8
2025-05-30,22:08:59,22.2,59.8
2025-05-30,22:09:01,22.2,59.8
2025-05-30,22:09:03,22.2,59.8
2025-05-30,22:09:05,22.2,59.8
2025-05-30,22:09:07,22.3,59.8
2025-05-30,22:09:09,22.2,59.8
2025-05-30,22:09:11,22.3,59.7
2025-05-30,22:09:13,22.3,59.7
2025-05-30,22:09:15,22.3,59.7
2025-05-30,22:09:17,22.3,59.8
2025-05-30,22:09:19,22.3,59.7
2025-05-30,22:09:21,22.2,59.7
2025-05-30,22:09:23,22.2,59.7
2025-05-30,22:09:25,22.2,59.7
2025-05-30,22:09:27,22.2,59.7
2025-05-30,22:09:29,22.2,59.7
2025-05-30,22:09:31,22.3,59.7
2025-05-30,22:09:33,22.3,59.7
2025-05-30,22:09:35,22.2,59.7
2025-05-30,22:09:37,22.2,59.8
2025-05-30,22:09:39,22.3,59.7
2025-05-30,22:09:41,22.3,59.7
2025-05-30,22:09:43,22.3,59.8
2025-05-30,22:09:45,22.2,59.8
2025-05-30,22:09:47,22.3,59.7
2025-05-30,22:09:49,22.3,59.7
2025-05-30,22:09:51,22.3,59.7
2025-05-30,22:09:53,22.3,59.7
2025-05-30,22:09:55,22.2,59.6
2025-05-30,22:09:57,22.3,59.7
2025-05-30,22:09:59,22.2,59.6
2025-05-30,22:10:01,22.3,59.7
2025-05-30,22:10:03,22.3,59.6
2025-05-30,22:10:05,22.3,59.7
2025-05-30,22:10:07,22.2,59.7
2025-05-30,22:10:09,22.2,59.7
2025-05-30,22:10:11,22.3,59.7
2025-05-30,22:10:13,22.3,59.7
2025-05-30,22:10:15,22.3,59.7
2025-05-30,22:10:17,22.3,59.6
2025-05-30,22:10:19,22.3,59.6
2025-05-30,22:10:21,22.3,59.6
2025-05-30,22:10:23,22.3,59.6
2025-05-30,22:10:25,22.3,59.7
2025-05-30,22:10:27,22.2,59.7
2025-05-30,22:10:29,22.3,59.7
2025-05-30,22:10:31,22.3,59.7
2025-05-30,22:10:33,22.3,59.7
2025-05-30,22:10:35,22.3,59.7
2025-05-30,22:10:37,22.3,59.7
2025-05-30,22:10:40,22.3,59.7
2025-05-30,22:10:42,22.2,59.7
2025-05-30,22:10:44,22.2,59.6
2025-05-30,22:10:46,22.3,59.7
2025-05-30,22:10:48,22.3,59.7
2025-05-30,22:10:50,22.3,59.7
2025-05-30,22:10:52,22.3,59.8
2025-05-30,22:10:54,22.3,59.7
2025-05-30,22:10:56,22.3,59.7
2025-05-30,22:10:58,22.3,59.7
2025-05-30,22:11:00,22.3,59.7
2025-05-30,22:11:02,22.3,59.7
2025-05-30,22:11:04,22.3,59.7
2025-05-30,22:11:06,22.3,59.7
2025-05-30,22:11:08,22.3,59.7
2025-05-30,22:11:10,22.3,59.7
2025-05-30,22:11:12,22.3,59.7
2025-05-30,22:11:14,22.3,59.7
2025-05-30,22:11:16,22.3,59.7
2025-05-30,22:11:18,22.3,59.7
2025-05-30,22:11:20,22.3,59.7
2025-05-30,22:11:22,22.3,59.6
2025-05-30,22:11:24,22.3,59.7
2025-05-30,22:11:26,22.3,59.6
2025-05-30,22:11:28,22.3,59.6
2025-05-30,22:11:30,22.3,59.7
2025-05-30,22:11:32,22.3,59.6
2025-05-30,22:11:34,22.3,59.6
2025-05-30,22:11:36,22.3,59.6
2025-05-30,22:11:38,22.3,59.6
2025-05-30,22:11:40,22.3,59.7
2025-05-30,22:11:42,22.3,59.6
2025-05-30,22:11:44,22.3,59.6
2025-05-30,22:11:46,22.3,59.7
2025-05-30,22:11:48,22.3,59.6
2025-05-30,22:11:50,22.3,59.6
2025-05-30,22:11:52,22.3,59.6
2025-05-30,22:11:54,22.3,59.7
2025-05-30,22:11:56,22.3,59.6
2025-05-30,22:11:58,22.3,59.7
2025-05-30,22:12:00,22.3,59.7
2025-05-30,22:12:02,22.3,59.6
2025-05-30,22:12:04,22.3,59.6
2025-05-30,22:12:06,22.3,59.7
2025-05-30,22:12:08,22.3,59.7
2025-05-30,22:12:10,22.3,59.7
2025-05-30,22:12:12,22.3,59.7
2025-05-30,22:12:14,22.3,59.7
2025-05-30,22:12:16,22.3,59.7
2025-05-30,22:12:18,22.3,59.7
2025-05-30,22:12:20,22.3,59.6
2025-05-30,22:12:22,22.3,59.6
2025-05-30,22:12:24,22.3,59.6
2025-05-30,22:12:26,22.3,59.6
2025-05-30,22:12:28,22.3,59.6
2025-05-30,22:12:30,22.3,59.6
2025-05-30,22:12:32,22.3,59.6
2025-05-30,22:12:34,22.3,59.6
2025-05-30,22:12:36,22.3,59.7
2025-05-30,22:12:38,22.3,59.6
2025-05-30,22:12:40,22.3,59.7
2025-05-30,22:12:42,22.3,59.8
2025-05-30,22:12:44,22.3,59.8
2025-05-30,22:12:46,22.3,59.8
2025-05-30,22:12:48,22.3,60.1
2025-05-30,22:12:50,22.3,60.2
2025-05-30,22:12:52,22.3,60.4
2025-05-30,22:12:54,22.3,60.4
2025-05-30,22:12:56,22.3,60.6
2025-05-30,22:12:58,22.3,60.7
2025-05-30,22:13:00,22.3,60.7
2025-05-30,22:13:02,22.4,60.7
2025-05-30,22:13:04,22.4,60.7
2025-05-30,22:13:06,22.4,60.6
2025-05-30,22:13:08,22.4,60.5
2025-05-30,22:13:10,22.4,60.5
2025-05-30,22:13:12,22.4,60.4
2025-05-30,22:13:14,22.4,60.3
2025-05-30,22:13:16,22.4,60.2
2025-05-30,22:13:18,22.4,60.1
2025-05-30,22:13:20,22.4,60.0
2025-05-30,22:13:22,22.4,60.0
2025-05-30,22:13:24,22.4,59.9
2025-05-30,22:13:26,22.4,59.8
2025-05-30,22:13:28,22.4,59.8
2025-05-30,22:13:30,22.4,59.7
2025-05-30,22:13:32,22.4,59.7
2025-05-30,22:13:34,22.4,59.7
2025-05-30,22:13:36,22.4,59.7
2025-05-30,22:13:38,22.4,59.6
2025-05-30,22:13:40,22.4,59.5
2025-05-30,22:13:42,22.4,59.6
2025-05-30,22:13:44,22.4,59.5
2025-05-30,22:13:46,22.4,59.5
2025-05-30,22:13:48,22.4,59.5
2025-05-30,22:13:50,22.4,59.4
2025-05-30,22:13:52,22.4,59.4
2025-05-30,22:13:54,22.4,59.4
2025-05-30,22:13:57,22.4,59.4
2025-05-30,22:13:59,22.4,59.4
2025-05-30,22:14:01,22.4,59.4
2025-05-30,22:14:03,22.4,59.4
2025-05-30,22:14:05,22.4,59.4
2025-05-30,22:14:07,22.4,59.3
2025-05-30,22:14:09,22.4,59.3
2025-05-30,22:14:11,22.4,59.4
2025-05-30,22:14:13,22.4,59.3
2025-05-30,22:14:15,22.3,59.4
2025-05-30,22:14:17,22.3,59.5
2025-05-30,22:14:19,22.3,59.7
2025-05-30,22:14:21,22.4,59.7
2025-05-30,22:14:23,22.3,59.8
2025-05-30,22:14:25,22.4,59.8
2025-05-30,22:14:27,22.4,59.7
2025-05-30,22:14:29,22.3,59.7
2025-05-30,22:14:31,22.3,59.8
2025-05-30,22:14:33,22.4,59.7
2025-05-30,22:14:35,22.4,59.7
2025-05-30,22:14:37,22.3,59.7
2025-05-30,22:14:39,22.3,59.7
2025-05-30,22:14:41,22.4,59.6
2025-05-30,22:14:43,22.4,59.6
2025-05-30,22:14:45,22.3,59.6
2025-05-30,22:14:47,22.3,59.6
2025-05-30,22:14:49,22.3,59.5
2025-05-30,22:14:51,22.3,59.5
2025-05-30,22:14:53,22.3,59.5
2025-05-30,22:14:55,22.3,59.5
2025-05-30,22:14:57,22.3,59.4
2025-05-30,22:14:59,22.3,59.4
2025-05-30,22:15:01,22.3,59.4
2025-05-30,22:15:03,22.3,59.4
2025-05-30,22:15:05,22.3,59.4
2025-05-30,22:15:07,22.3,59.4
2025-05-30,22:15:09,22.3,59.4
2025-05-30,22:15:11,22.3,59.4
2025-05-30,22:15:13,22.3,59.4
2025-05-30,22:15:15,22.3,59.4
2025-05-30,22:15:17,22.3,59.4
2025-05-30,22:15:19,22.3,59.4
2025-05-30,22:15:21,22.3,59.4
2025-05-30,22:15:23,22.3,59.4
2025-05-30,22:15:25,22.3,59.3
2025-05-30,22:15:27,22.3,59.3
2025-05-30,22:15:29,22.3,59.3
2025-05-30,22:15:31,22.3,59.4
2025-05-30,22:15:33,22.3,59.3
2025-05-30,22:15:35,22.3,59.3
2025-05-30,22:15:37,22.3,59.4
2025-05-30,22:15:39,22.3,59.3
2025-05-30,22:15:41,22.3,59.4
2025-05-30,22:15:43,22.2,59.4
2025-05-30,22:15:45,22.3,59.3
2025-05-30,22:15:47,22.3,59.4
2025-05-30,22:15:49,22.2,59.4
2025-05-30,22:15:51,22.3,59.4
2025-05-30,22:15:53,22.3,59.4
2025-05-30,22:15:55,22.3,59.4
2025-05-30,22:15:57,22.3,59.4
2025-05-30,22:15:59,22.3,59.5
2025-05-30,22:16:01,22.2,59.5
2025-05-30,22:16:03,22.3,59.5
2025-05-30,22:16:05,22.2,59.5
2025-05-30,22:16:07,22.2,59.6
2025-05-30,22:16:09,22.2,59.5
2025-05-30,22:16:11,22.2,59.5
2025-05-30,22:16:13,22.2,59.5
2025-05-30,22:16:15,22.2,59.6
2025-05-30,22:16:17,22.2,59.6
2025-05-30,22:16:19,22.2,59.5
2025-05-30,22:16:21,22.2,59.7
2025-05-30,22:16:23,22.2,59.6
2025-05-30,22:16:25,22.2,59.5
2025-05-30,22:16:27,22.2,59.6
2025-05-30,22:16:29,22.2,59.6
2025-05-30,22:16:31,22.2,59.6
2025-05-30,22:16:33,22.2,59.6
2025-05-30,22:16:35,22.2,59.6
2025-05-30,22:16:37,22.2,59.5
2025-05-30,22:16:39,22.2,59.5
2025-05-30,22:16:41,22.2,59.6
2025-05-30,22:16:43,22.2,59.6
2025-05-30,22:16:45,22.2,59.6
2025-05-30,22:16:47,22.2,59.5
2025-05-30,22:16:49,22.2,59.6
2025-05-30,22:16:51,22.2,59.6
2025-05-30,22:16:53,22.2,59.6
2025-05-30,22:16:55,22.2,59.6
2025-05-30,22:16:57,22.2,59.6
2025-05-30,22:16:59,22.2,59.7
2025-05-30,22:17:01,22.2,59.7
2025-05-30,22:17:03,22.2,59.7
2025-05-30,22:17:05,22.2,59.7
2025-05-30,22:17:07,22.2,59.7
2025-05-30,22:17:09,22.2,59.7
2025-05-30,22:17:11,22.2,59.7
2025-05-30,22:17:13,22.2,59.7
2025-05-30,22:17:16,22.1,59.8
2025-05-30,22:17:18,22.2,59.7
2025-05-30,22:17:20,22.1,59.8
2025-05-30,22:17:22,22.2,59.8
2025-05-30,22:17:24,22.2,59.8
2025-05-30,22:17:26,22.2,59.8
2025-05-30,22:17:28,22.1,59.8
2025-05-30,22:17:30,22.2,59.8
2025-05-30,22:17:32,22.1,59.8
2025-05-30,22:17:34,22.1,59.8
2025-05-30,22:17:36,22.1,59.8
2025-05-30,22:17:38,22.1,59.8
2025-05-30,22:17:40,22.1,59.8
2025-05-30,22:17:42,22.2,59.8
2025-05-30,22:17:44,22.2,59.9
2025-05-30,22:17:46,22.1,59.8
2025-05-30,22:17:48,22.1,59.8
2025-05-30,22:17:50,22.1,59.9
2025-05-30,22:17:52,22.2,59.8
2025-05-30,22:17:54,22.1,59.8
2025-05-30,22:17:56,22.1,59.9
2025-05-30,22:17:58,22.1,59.9
2025-05-30,22:18:00,22.1,59.9
2025-05-30,22:18:02,22.1,59.9
2025-05-30,22:18:04,22.1,59.9
2025-05-30,22:18:06,22.1,60.0
2025-05-30,22:18:08,22.1,60.0
2025-05-30,22:18:10,22.1,60.0
2025-05-30,22:18:12,22.1,60.0
2025-05-30,22:18:14,22.1,60.0
2025-05-30,22:18:16,22.1,60.0
2025-05-30,22:18:18,22.1,60.0
2025-05-30,22:18:20,22.1,60.1
2025-05-30,22:18:22,22.1,60.1
2025-05-30,22:18:24,22.1,60.0
2025-05-30,22:18:26,22.1,60.0
2025-05-30,22:18:28,22.1,60.1
2025-05-30,22:18:30,22.1,60.0
2025-05-30,22:18:32,22.1,60.1
2025-05-30,22:18:34,22.1,60.0
2025-05-30,22:18:36,22.1,60.1
2025-05-30,22:18:38,22.1,60.1
2025-05-30,22:18:40,22.1,60.1
2025-05-30,22:18:42,22.1,60.1
2025-05-30,22:18:44,22.1,60.1
2025-05-30,22:18:46,22.1,60.0
2025-05-30,22:18:48,22.1,60.1
2025-05-30,22:18:50,22.1,60.0
2025-05-30,22:18:52,22.1,60.0
2025-05-30,22:18:54,22.1,60.0
2025-05-30,22:18:56,22.1,60.0
2025-05-30,22:18:58,22.1,60.0
2025-05-30,22:19:00,22.1,60.0
2025-05-30,22:19:02,22.1,60.0
2025-05-30,22:19:04,22.1,60.1
2025-05-30,22:19:06,22.1,60.1
2025-05-30,22:19:08,22.1,60.0
2025-05-30,22:19:10,22.1,60.0
2025-05-30,22:19:12,22.1,60.1
2025-05-30,22:19:14,22.1,60.0
2025-05-30,22:19:16,22.1,60.0
2025-05-30,22:19:18,22.1,60.1
2025-05-30,22:19:20,22.1,60.0
2025-05-30,22:19:22,22.1,60.1
2025-05-30,22:19:24,22.1,60.0
2025-05-30,22:19:26,22.1,60.0
2025-05-30,22:19:28,22.1,60.0
2025-05-30,22:19:30,22.1,60.1
2025-05-30,22:19:32,22.1,60.0
2025-05-30,22:19:34,22.1,60.1
2025-05-30,22:19:36,22.1,60.1
2025-05-30,22:19:38,22.1,60.1
2025-05-30,22:19:40,22.1,60.0
2025-05-30,22:19:42,22.1,60.0
2025-05-30,22:19:44,22.1,60.0
2025-05-30,22:19:46,22.1,60.0
2025-05-30,22:19:48,22.1,60.0
2025-05-30,22:19:50,22.1,60.1
2025-05-30,22:19:52,22.1,60.1
2025-05-30,22:19:54,22.1,60.0
2025-05-30,22:19:56,22.1,60.1
2025-05-30,22:19:58,22.1,60.1
2025-05-30,22:20:00,22.1,60.0
2025-05-30,22:20:02,22.1,60.1
2025-05-30,22:20:04,22.1,60.0
2025-05-30,22:20:06,22.1,60.0
2025-05-30,22:20:08,22.1,60.1
2025-05-30,22:20:10,22.1,60.1
2025-05-30,22:20:12,22.1,60.0
2025-05-30,22:20:14,22.1,60.1
2025-05-30,22:20:16,22.1,60.1
2025-05-30,22:20:18,22.1,60.2
2025-05-30,22:20:20,22.1,60.1
2025-05-30,22:20:22,22.1,60.1
2025-05-30,22:20:24,22.1,60.2
2025-05-30,22:20:26,22.1,60.2
2025-05-30,22:20:28,22.1,60.1
2025-05-30,22:20:30,22.1,60.1
2025-05-30,22:20:33,22.1,60.1
2025-05-30,22:20:35,22.1,60.2
2025-05-30,22:20:37,22.1,60.1
2025-05-30,22:20:39,22.1,60.1
2025-05-30,22:20:41,22.1,60.1
2025-05-30,22:20:43,22.1,60.2
2025-05-30,22:20:45,22.1,60.1
2025-05-30,22:20:47,22.1,60.2
2025-05-30,22:20:49,22.1,60.2
2025-05-30,22:20:51,22.1,60.1
2025-05-30,22:20:53,22.1,60.3
2025-05-30,22:20:55,22.1,60.1
2025-05-30,22:20:57,22.0,60.2
2025-05-30,22:20:59,22.0,60.2
2025-05-30,22:21:01,22.1,60.2
2025-05-30,22:21:03,22.1,60.3
2025-05-30,22:21:05,22.0,60.2
2025-05-30,22:21:07,22.0,60.2
2025-05-30,22:21:09,22.1,60.2
2025-05-30,22:21:11,22.1,60.2
2025-05-30,22:21:13,22.1,60.3
2025-05-30,22:21:15,22.1,60.2
2025-05-30,22:21:17,22.0,60.2
2025-05-30,22:21:19,22.1,60.2
2025-05-30,22:21:21,22.1,60.2
2025-05-30,22:21:23,22.1,60.3
2025-05-30,22:21:25,22.0,60.3
2025-05-30,22:21:27,22.0,60.3
2025-05-30,22:21:29,22.1,60.2
2025-05-30,22:21:31,22.0,60.2
2025-05-30,22:21:33,22.1,60.3
2025-05-30,22:21:35,22.1,60.3
2025-05-30,22:21:37,22.1,60.3
2025-05-30,22:21:39,22.0,60.3
2025-05-30,22:21:41,22.0,60.3
2025-05-30,22:21:43,22.0,60.3
2025-05-30,22:21:45,22.0,60.3
2025-05-30,22:21:47,22.1,60.3
2025-05-30,22:21:49,22.0,60.4
2025-05-30,22:21:51,22.0,60.3
2025-05-30,22:21:53,22.0,60.3
2025-05-30,22:21:55,22.0,60.4
2025-05-30,22:21:57,22.0,60.4
2025-05-30,22:21:59,22.1,60.4
2025-05-30,22:22:01,22.0,60.3
2025-05-30,22:22:03,22.0,60.4
2025-05-30,22:22:05,22.0,60.4
2025-05-30,22:22:07,22.0,60.4
2025-05-30,22:22:09,22.0,60.3
2025-05-30,22:22:11,22.0,60.3
2025-05-30,22:22:13,22.0,60.4
2025-05-30,22:22:15,22.0,60.3
2025-05-30,22:22:17,22.0,60.3
2025-05-30,22:22:19,22.0,60.3
2025-05-30,22:22:21,22.0,60.3
2025-05-30,22:22:23,22.0,60.3
2025-05-30,22:22:25,22.0,60.3
2025-05-30,22:22:27,22.0,60.3
2025-05-30,22:22:29,22.0,60.3
2025-05-30,22:22:31,22.0,60.3
2025-05-30,22:22:33,22.0,60.3
2025-05-30,22:22:35,22.0,60.3
2025-05-30,22:22:37,22.0,60.3
2025-05-30,22:22:39,22.0,60.3
2025-05-30,22:22:41,22.0,60.3
2025-05-30,22:22:43,22.0,60.3
2025-05-30,22:22:45,22.0,60.4
2025-05-30,22:22:47,22.0,60.3
2025-05-30,22:22:49,22.0,60.4
2025-05-30,22:22:51,22.0,60.3
2025-05-30,22:23:30,22.0,60.3
2025-05-30,22:23:30,22.0,60.4
2025-05-30,22:23:30,22.0,60.5
2025-05-30,22:23:30,22.0,60.4
2025-05-30,22:23:30,22.0,60.4
2025-05-30,22:23:30,22.0,60.4
2025-05-30,22:23:30,22.0,60.5
2025-05-30,22:23:30,22.0,60.4
2025-05-30,22:23:30,22.0,60.4
2025-05-30,22:23:30,21.9,60.4
2025-05-30,22:23:30,21.9,60.4
2025-05-30,22:23:30,21.9,60.4
2025-05-30,22:23:30,22.0,60.5
2025-05-30,22:23:30,22.0,60.5
2025-05-30,22:23:30,21.9,60.5
2025-05-30,22:23:30,22.0,60.5
2025-05-30,22:23:30,22.0,60.5
2025-05-30,22:23:30,21.9,60.5
2025-05-30,22:23:30,21.9,60.6
2025-05-30,22:23:31,22.0,60.5
2025-05-30,22:23:33,21.9,60.7
2025-05-30,22:23:35,22.0,60.8
2025-05-30,22:23:37,21.9,60.9
2025-05-30,22:23:39,21.9,61.0
2025-05-30,22:23:41,22.0,61.1
2025-05-30,22:23:43,22.0,61.2
2025-05-30,22:23:45,22.0,61.3
2025-05-30,22:23:47,22.0,61.3
2025-05-30,22:23:49,22.0,61.4
2025-05-30,22:23:52,22.0,61.5
2025-05-30,22:23:54,22.0,61.5
2025-05-30,22:23:56,22.0,61.6
2025-05-30,22:23:58,22.0,61.5
2025-05-30,22:24:00,22.0,61.6
2025-05-30,22:24:02,22.1,61.6
2025-05-30,22:24:04,22.1,61.7
2025-05-30,22:24:06,22.1,61.7
2025-05-30,22:24:08,22.1,61.8
2025-05-30,22:24:10,22.1,61.9
2025-05-30,22:24:12,22.1,61.8
2025-05-30,22:24:14,22.2,61.8
2025-05-30,22:24:16,22.2,61.7
2025-05-30,22:24:18,22.2,61.6
2025-05-30,22:24:20,22.2,61.5
2025-05-30,22:24:22,22.2,61.5
2025-05-30,22:24:24,22.2,61.4
2025-05-30,22:24:26,22.3,61.3
2025-05-30,22:24:28,22.3,61.2
2025-05-30,22:24:30,22.3,61.1
2025-05-30,22:24:32,22.3,61.1
2025-05-30,22:24:34,22.3,61.1
2025-05-30,22:24:36,22.3,61.4
2025-05-30,22:24:38,22.3,61.7
2025-05-30,22:24:40,22.3,61.8
2025-05-30,22:24:42,22.4,61.8
2025-05-30,22:24:44,22.4,61.7
2025-05-30,22:24:46,22.4,61.7
2025-05-30,22:24:48,22.4,61.7
2025-05-30,22:24:50,22.4,61.6
2025-05-30,22:24:52,22.4,61.5
2025-05-30,22:24:54,22.4,61.4
2025-05-30,22:24:56,22.4,61.3
2025-05-30,22:24:58,22.4,61.1
2025-05-30,22:25:00,22.4,61.0
2025-05-30,22:25:02,22.4,60.8
2025-05-30,22:25:04,22.4,60.7
2025-05-30,22:25:06,22.4,60.6
2025-05-30,22:25:08,22.4,60.5
2025-05-30,22:25:10,22.4,60.4
2025-05-30,22:25:12,22.5,60.3
2025-05-30,22:25:14,22.5,60.2
2025-05-30,22:25:16,22.5,60.1
2025-05-30,22:25:18,22.5,60.0
2025-05-30,22:25:20,22.5,60.0
2025-05-30,22:25:22,22.5,59.9
2025-05-30,22:25:24,22.5,59.9
2025-05-30,22:25:26,22.5,59.8
2025-05-30,22:25:28,22.5,59.7
2025-05-30,22:25:30,22.5,59.7
2025-05-30,22:25:32,22.5,59.7
2025-05-30,22:25:34,22.5,59.6
2025-05-30,22:25:36,22.5,59.5
2025-05-30,22:25:38,22.5,59.6
2025-05-30,22:25:40,22.5,59.5
2025-05-30,22:25:42,22.5,59.5
2025-05-30,22:25:44,22.4,59.5
2025-05-30,22:25:46,22.5,59.4
2025-05-30,22:25:48,22.4,59.4
2025-05-30,22:25:50,22.5,59.5
2025-05-30,22:25:52,22.5,59.4
2025-05-30,22:25:54,22.5,59.4
2025-05-30,22:25:56,22.4,59.4
2025-05-30,22:25:58,22.5,59.3
2025-05-30,22:26:00,22.5,59.3
2025-05-30,22:26:02,22.5,59.3
2025-05-30,22:26:04,22.4,59.3
2025-05-30,22:26:06,22.4,59.3
2025-05-30,22:26:08,22.5,59.3
2025-05-30,22:26:10,22.4,59.3
2025-05-30,22:26:12,22.4,59.3
2025-05-30,22:26:14,22.4,59.4
2025-05-30,22:26:16,22.4,59.3
2025-05-30,22:26:18,22.4,59.3
2025-05-30,22:26:20,22.4,59.3
2025-05-30,22:26:22,22.4,59.3
2025-05-30,22:26:24,22.4,59.4
2025-05-30,22:26:26,22.4,59.3
2025-05-30,22:26:28,22.4,59.3
2025-05-30,22:26:30,22.4,59.3
2025-05-30,22:26:32,22.4,59.4
2025-05-30,22:26:34,22.4,59.3
2025-05-30,22:26:36,22.4,59.3
2025-05-30,22:26:38,22.4,59.4
2025-05-30,22:26:40,22.4,59.4
2025-05-30,22:26:42,22.4,59.4
2025-05-30,22:26:44,22.4,59.4
2025-05-30,22:26:46,22.4,59.4
2025-05-30,22:26:48,22.4,59.4
2025-05-30,22:26:50,22.4,59.5
2025-05-30,22:26:52,22.4,59.4
2025-05-30,22:26:54,22.4,59.4
2025-05-30,22:26:56,22.4,59.5
2025-05-30,22:26:58,22.4,59.4
2025-05-30,22:27:00,22.4,59.4
2025-05-30,22:27:02,22.4,59.4
2025-05-30,22:27:04,22.4,59.4
2025-05-30,22:27:06,22.4,59.4
2025-05-30,22:27:08,22.4,59.3
2025-05-30,22:27:11,22.3,59.4
2025-05-30,22:27:13,22.3,59.4
2025-05-30,22:27:15,22.4,59.4
2025-05-30,22:27:17,22.3,59.4
2025-05-30,22:27:34,22.3,59.5
2025-05-30,22:27:36,22.3,59.5
2025-05-30,22:27:38,22.3,59.5
2025-05-30,22:27:40,22.3,59.5
2025-05-30,22:27:42,22.3,59.5
2025-05-30,22:27:44,22.3,59.5
2025-05-30,22:27:46,22.3,59.6
2025-05-30,22:27:48,22.3,59.6
2025-05-30,22:27:50,22.3,59.6
2025-05-30,22:27:52,22.3,59.6
2025-05-30,22:27:54,22.3,59.6
2025-05-30,22:27:56,22.3,59.6
2025-05-30,22:27:58,22.3,59.6
2025-05-30,22:28:00,22.3,59.6
2025-05-30,22:28:02,22.3,59.7
2025-05-30,22:28:04,22.3,59.7
2025-05-30,22:28:06,22.3,59.7
2025-05-30,22:28:08,22.3,59.6
2025-05-30,22:28:10,22.3,59.6
2025-05-30,22:28:12,22.3,59.6
2025-05-30,22:28:14,22.3,59.7
2025-05-30,22:28:16,22.3,59.6
2025-05-30,22:28:18,22.3,59.6
2025-05-30,22:28:20,22.3,59.7
2025-05-30,22:28:22,22.3,59.7
2025-05-30,22:28:24,22.3,59.7
2025-05-30,22:28:26,22.3,59.7
2025-05-30,22:28:28,22.3,59.7
2025-05-30,22:28:30,22.3,59.7
2025-05-30,22:28:32,22.3,59.7
2025-05-30,22:28:34,22.3,59.7
2025-05-30,22:28:36,22.3,59.7
2025-05-30,22:28:38,22.3,59.7
2025-05-30,22:28:40,22.3,59.7
2025-05-30,22:28:42,22.3,59.7
2025-05-30,22:28:44,22.3,59.6
2025-05-30,22:28:46,22.3,59.6
2025-05-30,22:28:48,22.3,59.6
2025-05-30,22:28:50,22.3,59.7
2025-05-30,22:28:52,22.3,59.7
2025-05-30,22:28:54,22.3,59.7
2025-05-30,22:28:56,22.3,59.7
2025-05-30,22:28:58,22.3,59.8
2025-05-30,22:29:00,22.3,59.8
2025-05-30,22:29:02,22.3,59.7
2025-05-30,22:29:04,22.3,59.8
2025-05-30,22:29:06,22.3,59.8
2025-05-30,22:29:08,22.3,59.8
2025-05-30,22:29:10,22.3,59.8
2025-05-30,22:29:13,22.3,59.9
2025-05-30,22:29:15,22.3,60.0
2025-05-30,22:29:17,22.3,60.2
2025-05-30,22:29:19,22.3,60.3
2025-05-30,22:29:21,22.3,60.4
2025-05-30,22:29:23,22.3,60.4
2025-05-30,22:29:25,22.3,60.4
2025-05-30,22:29:27,22.3,60.5
2025-05-30,22:29:29,22.3,60.4
2025-05-30,22:29:31,22.3,60.4
2025-05-30,22:29:33,22.3,60.5
2025-05-30,22:29:35,22.3,60.5
2025-05-30,22:29:37,22.3,60.5
2025-05-30,22:29:39,22.3,60.4
2025-05-30,22:29:41,22.3,60.4
2025-05-30,22:29:43,22.3,60.4
2025-05-30,22:29:45,22.3,60.3
2025-05-30,22:29:47,22.2,60.4
2025-05-30,22:29:49,22.3,60.3
2025-05-30,22:29:51,22.3,60.3
2025-05-30,22:29:53,22.3,60.2
2025-05-30,22:29:55,22.3,60.3
2025-05-30,22:29:57,22.3,60.2
2025-05-30,22:29:59,22.2,60.1
2025-05-30,22:30:01,22.3,60.2
2025-05-30,22:30:03,22.3,60.1
2025-05-30,22:30:05,22.3,60.1
2025-05-30,22:30:07,22.3,60.1
2025-05-30,22:30:09,22.3,60.0
2025-05-30,22:30:11,22.2,60.0
2025-05-30,22:30:13,22.2,60.0
2025-05-30,22:30:15,22.3,60.0
2025-05-30,22:30:17,22.3,60.0
2025-05-30,22:30:19,22.3,60.0
2025-05-30,22:30:21,22.3,60.0
2025-05-30,22:30:23,22.3,60.0
2025-05-30,22:30:25,22.2,60.0
2025-05-30,22:30:27,22.2,60.0
2025-05-30,22:30:29,22.2,60.0
2025-05-30,22:30:31,22.3,60.0
2025-05-30,22:30:33,22.3,60.0
2025-05-30,22:30:35,22.3,60.0
2025-05-30,22:30:37,22.3,60.0
2025-05-30,22:30:39,22.2,60.0
2025-05-30,22:30:41,22.2,60.0
2025-05-30,22:30:43,22.3,60.0
2025-05-30,22:30:45,22.3,60.0
2025-05-30,22:30:47,22.3,60.1
2025-05-30,22:30:49,22.3,60.1
2025-05-30,22:30:51,22.2,60.0
2025-05-30,22:30:53,22.2,60.0
2025-05-30,22:30:55,22.3,60.1
2025-05-30,22:30:57,22.2,60.0
2025-05-30,22:30:59,22.2,60.0
2025-05-30,22:31:01,22.2,60.0
2025-05-30,22:31:03,22.3,60.0
2025-05-30,22:31:05,22.2,60.0
2025-05-30,22:31:07,22.2,60.0
2025-05-30,22:31:09,22.2,59.9
2025-05-30,22:31:11,22.2,60.0
2025-05-30,22:31:13,22.2,60.0
2025-05-30,22:31:15,22.3,60.0
2025-05-30,22:31:17,22.2,60.0
2025-05-30,22:31:19,22.3,60.0
2025-05-30,22:31:21,22.2,60.0
2025-05-30,22:31:23,22.3,59.9
2025-05-30,22:31:25,22.2,60.0
2025-05-30,22:31:27,22.2,60.0
2025-05-30,22:32:52,22.2,60.3
2025-05-30,22:32:54,22.2,60.3
2025-05-30,22:32:56,22.2,60.3
2025-05-30,22:32:58,22.2,60.3
2025-05-30,22:33:00,22.2,60.3
2025-05-30,22:33:02,22.2,60.3
2025-05-30,22:33:04,22.2,60.3
2025-05-30,22:33:06,22.2,60.3
2025-05-30,22:33:08,22.2,60.2
2025-05-30,22:33:10,22.2,60.2
2025-05-30,22:33:12,22.2,60.3
2025-05-30,22:33:14,22.2,60.3
2025-05-30,22:33:16,22.2,60.3
2025-05-30,22:33:18,22.2,60.3
2025-05-30,22:33:20,22.2,60.2
2025-05-30,22:33:22,22.2,60.3
2025-05-30,22:33:24,22.2,60.2
2025-05-30,22:33:26,22.2,60.2
2025-05-30,22:33:28,22.2,60.4
2025-05-30,22:33:30,22.2,60.3
2025-05-30,22:33:32,22.2,60.3
2025-05-30,22:33:34,22.2,60.3
2025-05-30,22:33:36,22.2,60.4
2025-05-30,22:33:38,22.2,60.3
2025-05-30,22:33:40,22.2,60.3
2025-05-30,22:33:42,22.2,60.3
2025-05-30,22:33:44,22.2,60.3
2025-05-30,22:33:46,22.2,60.4
2025-05-30,22:33:48,22.2,60.3
2025-05-30,22:33:50,22.2,60.4
2025-05-30,22:33:52,22.2,60.4
2025-05-30,22:33:54,22.2,60.4
2025-05-30,22:33:56,22.2,60.3
2025-05-30,22:33:58,22.2,60.4
2025-05-30,22:34:00,22.2,60.4
2025-05-30,22:34:02,22.2,60.4
2025-05-30,22:34:04,22.2,60.4
2025-05-30,22:34:06,22.2,60.4
2025-05-30,22:34:08,22.2,60.5
2025-05-30,22:34:10,22.2,60.4
2025-05-30,22:34:12,22.2,60.4
2025-05-30,22:34:14,22.2,60.4
2025-05-30,22:34:16,22.2,60.4
2025-05-30,22:34:18,22.2,60.4
2025-05-30,22:34:20,22.2,60.4
2025-05-30,22:34:22,22.2,60.4
2025-05-30,22:34:24,22.2,60.4
2025-05-30,22:34:26,22.2,60.4
2025-05-30,22:34:28,22.2,60.4
2025-05-30,22:39:35,22.2,60.4
2025-05-30,22:39:37,22.2,60.3
2025-05-30,22:39:39,22.2,60.4
2025-05-30,22:39:41,22.3,60.4
2025-05-30,22:39:43,22.3,60.4
2025-05-30,22:39:45,22.2,60.3
2025-05-30,22:39:47,22.2,60.4
2025-05-30,22:39:49,22.2,60.3
2025-05-30,22:39:51,22.2,60.3
2025-05-30,22:39:53,22.3,60.4
2025-05-30,22:39:55,22.3,60.4
2025-05-30,22:39:57,22.2,60.3
2025-05-30,22:39:59,22.2,60.3
2025-05-30,22:40:01,22.3,60.4
2025-05-30,22:40:03,22.2,60.3
2025-05-30,22:40:05,22.2,60.4
2025-05-30,22:40:07,22.3,60.4
2025-05-30,22:40:09,22.3,60.4
2025-05-30,22:40:11,22.2,60.3
2025-05-30,22:40:13,22.2,60.4
2025-05-30,22:40:15,22.2,60.4
2025-05-30,22:40:17,22.2,60.4
2025-05-30,22:40:19,22.2,60.4
2025-05-30,22:40:21,22.2,60.4
2025-05-30,22:40:23,22.2,60.4
2025-05-30,22:40:25,22.2,60.4
2025-05-30,22:40:27,22.2,60.4
2025-05-30,22:40:29,22.2,60.3
2025-05-30,22:40:31,22.2,60.4
2025-05-30,22:40:33,22.2,60.3
2025-05-30,22:40:35,22.2,60.3
2025-05-30,22:40:37,22.2,60.3
2025-05-30,22:40:39,22.2,60.3
2025-05-30,22:40:41,22.2,60.3
2025-05-30,22:40:43,22.2,60.3
2025-05-30,22:40:45,22.2,60.4
2025-05-30,22:40:47,22.2,60.4
2025-05-30,22:40:49,22.2,60.4
2025-05-30,22:40:51,22.2,60.4
2025-05-30,22:40:53,22.2,60.4
2025-05-30,22:40:55,22.2,60.4
2025-05-30,22:40:57,22.2,60.5
2025-05-30,22:40:59,22.3,60.4
2025-05-30,22:41:01,22.2,60.4
2025-05-30,22:41:03,22.2,60.4
2025-05-30,22:41:05,22.2,60.4
2025-05-30,22:41:07,22.2,60.5
2025-05-30,22:41:09,22.2,60.5
2025-05-30,22:41:11,22.2,60.5
2025-05-30,22:41:13,22.2,60.5
2025-05-30,22:41:15,22.3,60.4
2025-05-30,22:41:17,22.3,60.5
2025-05-30,22:41:19,22.3,60.5
2025-05-30,22:41:21,22.3,60.5
2025-05-30,22:41:23,22.2,60.4
2025-05-30,22:41:25,22.3,60.5
2025-05-30,22:41:27,22.2,60.5
2025-05-30,22:41:29,22.2,60.5
2025-05-30,22:41:31,22.2,60.5
2025-05-30,22:41:33,22.2,60.5
2025-05-30,22:41:35,22.3,60.5
2025-05-30,22:41:37,22.3,60.4
2025-05-30,22:41:39,22.2,60.4
2025-05-30,22:41:41,22.2,60.4
2025-05-30,22:41:43,22.3,60.4
2025-05-30,22:41:45,22.3,60.4
2025-05-30,22:41:47,22.2,60.4
2025-05-30,22:41:49,22.2,60.4
2025-05-30,22:41:51,22.2,60.4
2025-05-30,22:41:53,22.3,60.4
2025-05-30,22:41:55,22.2,60.3
2025-05-30,22:41:57,22.2,60.3
2025-05-30,22:42:00,22.3,60.3
2025-05-30,22:42:02,22.2,60.4
2025-05-30,22:42:04,22.3,60.3
2025-05-30,22:42:06,22.3,60.4
2025-05-30,22:42:08,22.3,60.4
2025-05-30,22:42:10,22.2,60.4
2025-05-30,22:42:12,22.3,60.3
2025-05-30,22:42:14,22.2,60.3
2025-05-30,22:42:16,22.3,60.4
2025-05-30,22:42:18,22.3,60.3
2025-05-30,22:42:20,22.3,60.4
2025-05-30,22:42:22,22.3,60.4
2025-05-30,22:42:24,22.3,60.3
2025-05-30,22:42:26,22.2,60.4
2025-05-30,22:42:28,22.3,60.4
2025-05-30,22:42:30,22.3,60.4
2025-05-30,22:42:32,22.3,60.4
2025-05-30,22:42:34,22.3,60.4
2025-05-30,22:42:36,22.3,60.4
2025-05-30,22:42:38,22.2,60.4
2025-05-30,22:42:40,22.3,60.4
2025-05-30,22:42:42,22.2,60.4
2025-05-30,22:42:44,22.3,60.4
2025-05-30,22:42:46,22.3,60.4
2025-05-30,22:42:48,22.3,60.4
2025-05-30,22:42:50,22.2,60.5
2025-05-30,22:42:52,22.3,60.5
2025-05-30,22:42:54,22.3,60.4
2025-05-30,22:42:56,22.3,60.4
2025-05-30,22:42:58,22.3,60.5
2025-05-30,22:43:00,22.3,60.5
2025-05-30,22:43:02,22.3,60.5
2025-05-30,22:43:04,22.3,60.4
2025-05-30,22:43:06,22.3,60.5
2025-05-30,22:43:08,22.3,60.5
2025-05-30,22:43:10,22.3,60.5
2025-05-30,22:43:12,22.3,60.5
2025-05-30,22:43:14,22.3,60.4
2025-05-30,22:43:16,22.3,60.5
2025-05-30,22:43:18,22.3,60.5
2025-05-30,22:43:20,22.3,60.5
2025-05-30,22:43:22,22.3,60.5
2025-05-30,22:43:24,22.3,60.4
2025-05-30,22:43:26,22.3,60.4
2025-05-30,22:43:28,22.3,60.4
2025-05-30,22:43:30,22.3,60.4
2025-05-30,22:43:32,22.3,60.4
2025-05-30,22:43:34,22.3,60.4
2025-05-30,22:43:36,22.2,60.4
2025-05-30,22:43:38,22.3,60.4
2025-05-30,22:43:40,22.3,60.3
2025-05-30,22:43:42,22.3,60.4
2025-05-30,22:43:44,22.3,60.4
2025-05-30,22:43:46,22.3,60.4
2025-05-30,22:43:48,22.3,60.4
2025-05-30,22:43:50,22.3,60.4
2025-05-30,22:43:52,22.3,60.3
2025-05-30,22:43:54,22.3,60.4
2025-05-30,22:43:56,22.3,60.4
2025-05-30,22:43:58,22.3,60.4
2025-05-30,22:44:00,22.3,60.4
2025-05-30,22:44:02,22.3,60.5
2025-05-30,22:44:04,22.3,60.5
2025-05-30,22:44:06,22.3,60.7
2025-05-30,22:44:08,22.3,60.7
2025-05-30,22:44:10,22.3,60.8
2025-05-30,22:44:12,22.3,60.8
2025-05-30,22:44:14,22.3,60.8
2025-05-30,22:44:16,22.3,60.8
2025-05-30,22:44:18,22.3,60.8
2025-05-30,22:44:20,22.3,60.8
2025-05-30,22:44:22,22.3,60.8
2025-05-30,22:44:24,22.3,60.8
2025-05-30,22:44:26,22.3,60.7
2025-05-30,22:44:28,22.3,60.7
2025-05-30,22:44:30,22.3,60.6
2025-05-30,22:44:32,22.3,60.6
2025-05-30,22:44:34,22.3,60.5
2025-05-30,22:44:36,22.4,60.5
2025-05-30,22:44:38,22.3,60.4
2025-05-30,22:44:40,22.4,60.4
2025-05-30,22:44:42,22.4,60.4
2025-05-30,22:44:44,22.4,60.3
2025-05-30,22:44:46,22.4,60.3
2025-05-30,22:44:48,22.4,60.3
2025-05-30,22:44:50,22.4,60.3
2025-05-30,22:44:52,22.4,60.3
2025-05-30,22:44:54,22.4,60.3
2025-05-30,22:44:56,22.4,60.2
2025-05-30,22:44:58,22.4,60.2
2025-05-30,22:45:00,22.4,60.2
2025-05-30,22:45:02,22.4,60.3
2025-05-30,22:45:04,22.4,60.3
2025-05-30,22:45:06,22.4,60.2
2025-05-30,22:45:08,22.4,60.2
2025-05-30,22:45:10,22.4,60.3
2025-05-30,22:45:12,22.4,60.2
2025-05-30,22:45:14,22.4,60.2
2025-05-30,22:45:17,22.4,60.2
2025-05-30,22:45:19,22.4,60.2
2025-05-30,22:45:21,22.4,60.2
2025-05-30,22:45:23,22.4,60.2
2025-05-30,22:45:25,22.4,60.2
2025-05-30,22:45:27,22.4,60.2
2025-05-30,22:45:29,22.4,60.1
2025-05-30,22:45:31,22.4,60.1
2025-05-30,22:45:33,22.4,60.2
2025-05-30,22:45:35,22.5,60.2
2025-05-30,22:45:37,22.4,60.1
2025-05-30,22:45:39,22.5,60.1
2025-05-30,22:45:41,22.5,60.1
2025-05-30,22:45:43,22.5,60.1
2025-05-30,22:45:45,22.5,60.1
2025-05-30,22:45:47,22.5,60.0
2025-05-30,22:45:49,22.5,60.1
2025-05-30,22:45:51,22.5,60.1
2025-05-30,22:45:53,22.5,60.1
2025-05-30,22:45:55,22.5,60.0
2025-05-30,22:45:57,22.5,60.0
2025-05-30,22:45:59,22.5,60.0
2025-05-30,22:46:01,22.5,60.0
2025-05-30,22:46:03,22.5,59.9
2025-05-30,22:46:05,22.5,59.9
2025-05-30,22:46:07,22.5,59.9
2025-05-30,22:46:09,22.5,59.9
2025-05-30,22:46:11,22.5,59.9
2025-05-30,22:46:13,22.5,59.9
2025-05-30,22:46:15,22.5,59.8
2025-05-30,22:46:17,22.5,59.9
2025-05-30,22:46:19,22.5,59.8
2025-05-30,22:46:21,22.5,59.8
2025-05-30,22:46:23,22.5,59.7
2025-05-30,22:46:25,22.5,59.8
2025-05-30,22:46:27,22.5,59.7
2025-05-30,22:46:29,22.5,59.7
2025-05-30,22:46:31,22.5,59.7
2025-05-30,22:46:33,22.5,59.7
2025-05-30,22:49:35,22.7,59.2
2025-05-30,22:49:35,22.7,59.2
2025-05-30,22:49:35,22.7,59.2
2025-05-30,22:49:35,22.7,59.2
2025-05-30,22:49:35,22.7,59.2
2025-05-30,22:49:36,22.7,59.2
2025-05-30,22:49:38,22.7,59.2
2025-05-30,22:49:40,22.7,59.2
2025-05-30,22:49:42,22.7,59.2
2025-05-30,22:49:45,22.7,59.2
2025-05-30,22:49:47,22.7,59.3
2025-05-30,22:49:49,22.7,59.2
2025-05-30,22:49:51,22.7,59.2
2025-05-30,22:49:53,22.7,59.3
2025-05-30,22:49:55,22.7,59.3
2025-05-30,22:49:57,22.7,59.2
2025-05-30,22:49:59,22.7,59.2
2025-05-30,22:50:01,22.7,59.2
2025-05-30,22:50:03,22.7,59.2
2025-05-30,22:50:05,22.7,59.2
2025-05-30,22:50:07,22.8,59.2
2025-05-30,22:50:09,22.8,59.2
2025-05-30,22:50:11,22.7,59.2
2025-05-30,22:52:50,22.8,58.9
2025-05-30,22:52:51,22.9,58.9
2025-05-30,22:52:53,22.9,58.9
2025-05-30,22:52:55,22.8,58.9
2025-05-30,22:52:57,22.9,58.9
2025-05-30,22:52:59,22.8,58.9
2025-05-30,22:53:01,22.8,58.9
2025-05-30,22:53:03,22.8,58.9
2025-05-30,22:53:05,22.8,58.8
2025-05-30,22:53:07,22.8,58.9
2025-05-30,22:53:09,22.8,58.8
2025-05-30,22:53:11,22.9,58.9
2025-05-30,22:53:13,22.9,58.8
2025-05-30,22:53:15,22.8,58.8
2025-05-30,22:53:17,22.9,58.7
